created_at,entry_id,Moisture,Humidity,Temperature,Motor,latitude,longitude,elevation,status
2025-06-23T09:20:29+00:00,8,70,70,31,"1

",,,,
2025-06-23T09:21:17+00:00,9,57,70,31,"1

",,,,
2025-06-23T09:21:48+00:00,10,54,70,31,"1

",,,,
2025-06-23T09:22:58+00:00,11,0,70,31,"1

",,,,
2025-06-23T09:23:16+00:00,12,0,70,31,"1

",,,,
2025-06-23T09:23:55+00:00,13,58,70,31,"1

",,,,
2025-06-23T09:25:06+00:00,14,7,70,30.9,"1

",,,,
2025-06-23T09:27:12+00:00,15,0,70,30.8,"1

",,,,
2025-06-23T09:28:06+00:00,16,0,70,30.8,"1

",,,,
2025-06-23T09:29:04+00:00,17,0,70,30.8,"1

",,,,
2025-06-23T09:29:35+00:00,18,0,70,30.8,"1

",,,,
2025-06-23T09:30:10+00:00,19,0,70,30.8,"1

",,,,
2025-06-23T09:30:26+00:00,20,0,70,30.8,"1

",,,,
2025-06-23T09:30:46+00:00,21,0,70,30.8,"1

",,,,
2025-06-23T09:31:03+00:00,22,0,70,30.8,"1

",,,,
2025-06-23T09:31:19+00:00,23,0,70,30.8,"1

",,,,
2025-06-23T09:31:39+00:00,24,0,71,30.8,"1

",,,,
2025-06-23T09:31:58+00:00,25,0,71,30.8,"1

",,,,
2025-06-23T09:32:17+00:00,26,0,71,30.8,"1

",,,,
2025-06-23T09:32:39+00:00,27,33,70,30.8,"1

",,,,
2025-06-23T09:33:25+00:00,28,1,70,30.8,"1

",,,,
2025-06-23T09:33:48+00:00,29,0,70,30.8,"1

",,,,
2025-06-23T09:34:19+00:00,30,0,70,30.9,"1

",,,,
2025-06-23T09:34:36+00:00,31,0,70,30.9,"1

",,,,
2025-06-23T09:35:07+00:00,32,0,70,30.9,"1

",,,,
2025-06-23T09:35:48+00:00,33,0,70,30.9,"1

",,,,
2025-06-23T09:36:08+00:00,34,0,70,30.9,"1

",,,,
2025-06-23T09:36:40+00:00,35,0,70,30.9,"1

",,,,
2025-06-23T09:36:59+00:00,36,0,70,31,"1

",,,,
2025-06-23T09:37:28+00:00,37,0,70,31,"1

",,,,
2025-06-23T09:38:41+00:00,38,0,70,31,"1

",,,,
2025-06-23T09:39:32+00:00,39,0,70,31,"1

",,,,
2025-06-23T09:40:22+00:00,40,0,70,31,"1

",,,,
2025-06-23T09:41:11+00:00,41,0,70,31,"1

",,,,
2025-06-23T09:41:40+00:00,42,0,69,31,"1

",,,,
2025-06-23T09:42:16+00:00,43,0,70,30.9,"1

",,,,
2025-06-23T09:42:40+00:00,44,0,70,30.9,"1

",,,,
2025-06-23T09:44:31+00:00,45,0,70,30.8,"1

",,,,
2025-06-23T09:45:04+00:00,46,0,70,30.8,"1

",,,,
2025-06-23T09:45:32+00:00,47,0,70,30.8,"1

",,,,
2025-06-23T09:46:00+00:00,48,0,70,30.8,"1

",,,,
2025-06-23T09:46:25+00:00,49,0,70,30.8,"1

",,,,
2025-06-23T09:46:42+00:00,50,0,70,30.8,"1

",,,,
2025-06-23T09:47:02+00:00,51,0,70,30.8,"1

",,,,
2025-06-23T09:47:19+00:00,52,0,70,30.8,"1

",,,,
2025-06-23T09:47:35+00:00,53,0,70,30.8,"1

",,,,
2025-06-23T09:47:52+00:00,54,0,70,30.9,"1

",,,,
2025-06-23T09:48:09+00:00,55,0,70,30.9,"1

",,,,
2025-06-23T09:48:34+00:00,56,0,70,30.9,"1

",,,,
2025-06-23T09:48:55+00:00,57,0,70,30.9,"1

",,,,
2025-06-23T09:49:11+00:00,58,0,70,31,"1

",,,,
2025-06-23T12:30:18+00:00,59,0,70,31,"1

",,,,
2025-06-23T13:18:48+00:00,60,62,75,30.1,0,,,,
2025-06-23T13:20:49+00:00,61,0,76,30.2,1,,,,
2025-06-24T12:25:01+00:00,62,0,69,31.1,"1

",,,,
2025-06-24T12:25:22+00:00,63,0,69,31.1,"1

",,,,
2025-06-24T12:26:23+00:00,64,0,69,31.1,"1

",,,,
2025-06-24T12:27:06+00:00,65,0,69,31.1,"1

",,,,
2025-06-24T12:28:11+00:00,66,0,69,31.1,1,,,,
2025-06-24T12:28:33+00:00,67,0,69,31.1,1,,,,
2025-06-24T12:28:54+00:00,68,0,69,31.1,1,,,,
2025-06-24T12:29:16+00:00,69,0,69,31.1,1,,,,
2025-06-24T12:29:38+00:00,70,0,69,31.1,1,,,,
2025-06-24T12:30:00+00:00,71,0,69,31.1,1,,,,
2025-06-24T12:30:23+00:00,72,0,70,31.1,1,,,,
2025-06-24T12:30:45+00:00,73,0,69,31.1,1,,,,
2025-06-24T12:31:07+00:00,74,0,70,31.3,1,,,,
2025-06-24T12:31:29+00:00,75,0,70,31.3,1,,,,
2025-06-24T12:31:51+00:00,76,0,70,31.3,1,,,,
2025-06-24T12:32:13+00:00,77,100,69,31.3,0,,,,
2025-06-24T12:32:34+00:00,78,100,69,31.4,0,,,,
2025-06-24T12:32:56+00:00,79,100,69,31.4,0,,,,
2025-06-24T12:33:17+00:00,80,96,69,31.4,0,,,,
2025-06-24T12:33:39+00:00,81,94,69,31.4,0,,,,
2025-06-24T12:34:01+00:00,82,100,69,31.4,0,,,,
2025-06-24T12:34:23+00:00,83,15,69,31.4,1,,,,
2025-06-24T12:34:45+00:00,84,10,69,31.5,1,,,,
2025-06-24T12:35:07+00:00,85,100,69,31.5,0,,,,
2025-06-24T12:35:28+00:00,86,100,69,31.5,0,,,,
2025-06-24T12:35:49+00:00,87,100,45,30.4,0,,,,
2025-06-24T12:36:11+00:00,88,0,30,27.2,1,,,,
2025-06-24T12:36:33+00:00,89,0,29,24.1,1,,,,
2025-06-24T12:36:55+00:00,90,0,29,21.6,1,,,,
2025-06-24T12:37:17+00:00,91,0,33,19.8,1,,,,
2025-06-24T12:37:39+00:00,92,0,42,18.6,1,,,,
2025-06-24T12:38:01+00:00,93,0,56,18,1,,,,
2025-06-24T12:38:23+00:00,94,0,67,18.2,1,,,,
2025-06-24T12:38:44+00:00,95,0,74,19,1,,,,
2025-06-24T12:39:05+00:00,96,85,80,20.7,0,,,,
2025-06-24T12:39:27+00:00,97,74,85,22,0,,,,
2025-06-24T12:39:48+00:00,98,100,85,23,0,,,,
2025-06-24T12:40:10+00:00,99,77,88,23.8,0,,,,
2025-06-24T12:40:31+00:00,100,74,90,24.7,0,,,,
2025-06-24T12:40:53+00:00,101,74,90,25.4,0,,,,
2025-06-24T12:41:16+00:00,102,73,89,26,0,,,,
2025-06-24T12:41:38+00:00,103,73,90,26.4,0,,,,
2025-06-24T12:42:00+00:00,104,72,93,26.8,0,,,,
2025-06-24T12:42:22+00:00,105,100,94,27,0,,,,
2025-06-24T12:42:44+00:00,106,100,90,27.3,0,,,,
2025-06-24T12:43:06+00:00,107,0,95,27.6,1,,,,
2025-06-24T12:43:28+00:00,108,0,90,27.8,1,,,,
2025-06-24T12:43:50+00:00,109,0,90,28,1,,,,
2025-06-24T12:44:12+00:00,110,31,95,28.1,0,,,,
2025-06-24T12:44:34+00:00,111,30,95,28.3,0,,,,
2025-06-24T12:44:56+00:00,112,29,90,28.5,1,,,,
2025-06-24T12:45:18+00:00,113,28,92,28.7,1,,,,
2025-06-24T12:45:40+00:00,114,28,89,29,1,,,,
2025-06-24T12:46:02+00:00,115,37,90,29.1,0,,,,
2025-06-24T12:46:24+00:00,116,36,87,29.3,0,,,,
2025-06-24T12:46:46+00:00,117,35,85,29.5,0,,,,
2025-06-24T12:47:07+00:00,118,34,86,29.7,0,,,,
2025-06-24T12:47:29+00:00,119,32,83,29.8,0,,,,
2025-06-24T12:47:51+00:00,120,0,82,30,1,,,,
2025-06-24T12:48:13+00:00,121,98,80,30,0,,,,
2025-06-24T12:48:36+00:00,122,98,78,30.2,0,,,,
2025-06-24T12:48:58+00:00,123,98,78,30.2,0,,,,
2025-06-24T12:49:19+00:00,124,0,76,30.4,1,,,,
2025-06-24T12:49:41+00:00,125,0,75,30.5,1,,,,
2025-06-24T12:50:04+00:00,126,0,75,30.5,1,,,,
2025-06-24T12:50:25+00:00,127,0,75,30.6,1,,,,
2025-06-24T12:50:48+00:00,128,0,74,30.7,1,,,,
2025-06-24T12:51:10+00:00,129,0,75,30.7,1,,,,
2025-06-24T12:51:31+00:00,130,0,74,30.8,1,,,,
2025-06-24T12:51:53+00:00,131,0,74,30.8,1,,,,
2025-06-24T12:52:18+00:00,132,0,73,30.8,1,,,,
2025-06-24T12:52:40+00:00,133,0,74,30.9,1,,,,
2025-06-24T12:53:01+00:00,134,0,73,30.9,1,,,,
2025-06-24T12:53:23+00:00,135,0,72,30.9,1,,,,
2025-06-24T12:53:45+00:00,136,0,72,30.9,1,,,,
2025-06-24T12:54:07+00:00,137,0,72,30.9,1,,,,
2025-06-24T12:54:28+00:00,138,0,72,31,1,,,,
2025-06-24T12:54:50+00:00,139,0,72,31,1,,,,
2025-06-24T12:55:12+00:00,140,0,73,31,1,,,,
2025-06-24T12:55:34+00:00,141,0,73,31,1,,,,
2025-06-24T12:55:57+00:00,142,0,72,31,1,,,,
2025-06-24T12:56:19+00:00,143,0,72,31,1,,,,
2025-06-24T12:56:41+00:00,144,0,73,31,1,,,,
2025-06-24T12:57:03+00:00,145,0,72,31,1,,,,
2025-06-24T12:57:24+00:00,146,0,71,31,1,,,,
2025-06-24T12:57:46+00:00,147,0,72,31,1,,,,
2025-06-24T12:58:08+00:00,148,0,72,31,1,,,,
2025-06-24T12:58:31+00:00,149,0,71,31,1,,,,
2025-06-24T12:58:53+00:00,150,0,73,31,1,,,,
2025-06-24T12:59:15+00:00,151,0,72,31,1,,,,
2025-06-24T12:59:36+00:00,152,0,72,31,1,,,,
2025-06-24T12:59:58+00:00,153,0,73,31,1,,,,
2025-06-24T13:00:20+00:00,154,0,72,31,1,,,,
2025-06-24T13:00:50+00:00,155,0,72,31.1,1,,,,
2025-06-24T13:01:12+00:00,156,18,72,31.1,1,,,,
2025-06-24T13:01:34+00:00,157,16,73,31.1,1,,,,
2025-06-24T13:01:57+00:00,158,13,72,31.1,1,,,,
2025-06-24T13:02:19+00:00,159,13,73,31.1,1,,,,
2025-06-24T13:02:41+00:00,160,9,72,31.1,1,,,,
2025-06-24T13:03:03+00:00,161,8,72,31.1,1,,,,
2025-06-24T17:25:28+00:00,162,0,70,30.9,1,,,,
2025-06-24T17:25:50+00:00,163,0,72,30.9,1,,,,
2025-06-24T17:26:34+00:00,164,45,71,30.8,0,,,,
2025-06-24T17:26:56+00:00,165,44,72,30.8,0,,,,
2025-06-24T17:27:18+00:00,166,44,72,30.8,0,,,,
2025-06-24T17:27:40+00:00,167,44,71,30.7,0,,,,
2025-06-24T17:28:02+00:00,168,44,72,30.7,0,,,,
2025-06-24T17:28:24+00:00,169,0,72,30.7,1,,,,
2025-06-24T17:28:46+00:00,170,78,72,30.6,0,,,,
2025-06-24T17:29:08+00:00,171,77,71,30.6,0,,,,
2025-06-24T17:29:30+00:00,172,76,69,30.5,0,,,,
2025-06-24T17:29:52+00:00,173,76,63,30,0,,,,
2025-06-24T17:30:13+00:00,174,75,60,29.3,0,,,,
2025-06-24T17:30:36+00:00,175,75,62,29,0,,,,
2025-06-24T17:30:57+00:00,176,75,61,28.7,0,,,,
2025-06-24T17:31:19+00:00,177,74,62,28.5,0,,,,
2025-06-24T17:31:42+00:00,178,74,59,28.3,0,,,,
2025-06-24T17:32:04+00:00,179,72,55,28,0,,,,
2025-06-24T17:32:27+00:00,180,68,57,27.3,0,,,,
2025-06-24T17:32:49+00:00,181,69,65,27.4,0,,,,
2025-06-24T17:33:10+00:00,182,69,69,27.6,0,,,,
2025-06-24T17:33:33+00:00,183,70,71,27.9,0,,,,
2025-06-24T17:33:55+00:00,184,71,72,28.1,0,,,,
2025-06-24T17:34:16+00:00,185,71,73,28.2,0,,,,
2025-06-24T17:34:39+00:00,186,71,74,28.4,0,,,,
2025-06-24T17:35:01+00:00,187,71,75,28.6,0,,,,
2025-06-24T17:35:23+00:00,188,71,75,28.8,0,,,,
2025-06-24T17:35:45+00:00,189,71,76,28.9,0,,,,
2025-06-24T17:36:07+00:00,190,71,76,28.9,0,,,,
2025-06-24T17:36:29+00:00,191,71,76,29,0,,,,
2025-06-24T17:36:51+00:00,192,70,75,29,0,,,,
2025-06-24T17:37:16+00:00,193,71,77,29.1,0,,,,
2025-06-24T17:37:38+00:00,194,50,76,29.2,0,,,,
2025-06-24T17:38:00+00:00,195,49,77,29.2,0,,,,
2025-06-24T17:38:22+00:00,196,47,78,29.3,0,,,,
2025-06-24T17:38:44+00:00,197,46,79,29.3,0,,,,
2025-06-24T17:39:07+00:00,198,45,80,29.3,0,,,,
2025-06-24T17:39:30+00:00,199,44,79,29.3,0,,,,
2025-06-24T17:39:52+00:00,200,43,80,29.3,0,,,,
2025-06-24T17:40:14+00:00,201,43,80,29.3,0,,,,
2025-06-24T17:40:36+00:00,202,42,81,29.3,0,,,,
2025-06-24T17:40:58+00:00,203,49,81,29.3,0,,,,
2025-06-24T17:41:20+00:00,204,49,80,29.2,0,,,,
2025-06-24T17:41:42+00:00,205,49,81,29.2,0,,,,
2025-06-24T17:42:04+00:00,206,49,80,29.2,0,,,,
2025-06-25T14:53:06+00:00,207,0,69,31.5,1,,,,
2025-06-25T14:53:27+00:00,208,0,68,31.4,1,,,,
2025-06-25T14:54:04+00:00,209,6,68,31.2,1,,,,
2025-06-25T14:54:27+00:00,210,0,69,31.1,1,,,,
2025-06-25T14:54:48+00:00,211,0,68,31,1,,,,
2025-06-25T14:55:10+00:00,212,0,69,31,1,,,,
2025-06-25T14:55:31+00:00,213,0,69,30.9,1,,,,
2025-06-25T14:55:53+00:00,214,0,69,30.9,1,,,,
2025-06-25T14:56:15+00:00,215,0,70,30.8,1,,,,
2025-06-25T14:56:37+00:00,216,0,69,30.8,1,,,,
2025-06-25T14:56:59+00:00,217,0,69,30.8,1,,,,
2025-06-25T14:57:21+00:00,218,0,70,30.8,1,,,,
2025-06-25T14:57:43+00:00,219,0,70,30.8,1,,,,
2025-06-25T14:58:04+00:00,220,0,70,30.8,1,,,,
2025-06-25T14:58:26+00:00,221,0,69,30.8,1,,,,
2025-06-25T14:58:48+00:00,222,0,70,30.7,1,,,,
2025-06-25T14:59:10+00:00,223,0,70,30.7,1,,,,
2025-06-25T14:59:31+00:00,224,0,70,30.7,1,,,,
2025-06-25T14:59:54+00:00,225,0,70,30.7,1,,,,
2025-06-25T15:00:15+00:00,226,0,69,30.7,1,,,,
2025-06-25T15:00:37+00:00,227,0,42,29,1,,,,
2025-06-25T15:00:59+00:00,228,0,34,26.2,1,,,,
2025-06-25T15:01:21+00:00,229,0,43,23.8,1,,,,
2025-06-25T15:01:43+00:00,230,0,49,21.9,1,,,,
2025-06-25T15:02:05+00:00,231,0,52,20.3,1,,,,
2025-06-25T15:02:27+00:00,232,0,56,19,1,,,,
2025-06-25T15:02:49+00:00,233,0,61,18,1,,,,
2025-06-25T15:03:10+00:00,234,0,62,17.2,1,,,,
2025-06-25T15:03:33+00:00,235,0,66,16.6,1,,,,
2025-06-25T15:03:55+00:00,236,0,71,16.2,1,,,,
2025-06-25T15:04:16+00:00,237,0,74,15.9,1,,,,
2025-06-25T15:04:38+00:00,238,54,77,16.1,0,,,,
2025-06-25T15:05:00+00:00,239,51,81,19,0,,,,
2025-06-25T15:05:22+00:00,240,50,85,21.5,0,,,,
2025-06-25T15:05:44+00:00,241,48,85,23.2,0,,,,
2025-06-25T15:06:06+00:00,242,48,90,24.5,0,,,,
2025-06-25T15:06:28+00:00,243,47,86,25.3,0,,,,
2025-06-25T15:06:50+00:00,244,46,88,26,0,,,,
2025-06-25T15:07:17+00:00,245,100,89,27,0,,,,
2025-06-25T15:07:39+00:00,246,96,91,27.2,0,,,,
2025-06-25T15:08:01+00:00,247,90,91,27.4,0,,,,
2025-06-25T15:08:22+00:00,248,88,89,27.6,0,,,,
2025-06-25T15:08:44+00:00,249,89,89,27.9,0,,,,
2025-06-25T15:09:07+00:00,250,90,90,28,0,,,,
2025-06-25T15:09:29+00:00,251,0,87,28.3,1,,,,
2025-06-25T15:09:51+00:00,252,0,89,28.6,1,,,,
2025-06-25T15:10:13+00:00,253,0,87,29,1,,,,
2025-06-25T15:10:34+00:00,254,0,85,29.1,1,,,,
2025-06-25T15:10:57+00:00,255,0,84,29.3,1,,,,
2025-06-25T15:11:20+00:00,256,60,82,29.5,0,,,,
2025-06-25T15:11:41+00:00,257,59,80,29.7,0,,,,
2025-06-25T15:12:03+00:00,258,59,79,29.8,0,,,,
2025-06-25T15:12:25+00:00,259,58,76,30,0,,,,
2025-06-25T15:12:47+00:00,260,58,75,30,0,,,,
2025-06-25T15:13:09+00:00,261,0,74,30.1,1,,,,
2025-06-25T15:13:32+00:00,262,0,74,30.2,1,,,,
2025-06-25T15:13:53+00:00,263,0,74,30.2,1,,,,
2025-06-25T15:14:15+00:00,264,31,73,30.3,0,,,,
2025-06-25T15:14:38+00:00,265,0,73,30.3,1,,,,
2025-06-25T15:15:00+00:00,266,0,72,30.4,1,,,,
2025-06-25T15:15:21+00:00,267,0,72,30.4,1,,,,
2025-06-25T15:15:44+00:00,268,0,71,30.4,1,,,,
2025-06-25T15:16:06+00:00,269,0,72,30.5,1,,,,
2025-06-25T15:16:30+00:00,270,25,71,29.9,1,,,,
2025-06-25T15:16:55+00:00,271,24,71,28.3,1,,,,
2025-06-25T15:17:18+00:00,272,22,73,27.1,1,,,,
2025-06-25T15:17:40+00:00,273,0,74,26.6,1,,,,
2025-06-25T15:18:01+00:00,274,41,76,26.1,0,,,,
2025-06-25T15:18:23+00:00,275,39,79,25.9,0,,,,
2025-06-25T15:18:46+00:00,276,38,79,25.9,0,,,,
2025-06-25T15:19:08+00:00,277,100,81,25.9,0,,,,
2025-06-25T15:19:30+00:00,278,100,80,26,0,,,,
2025-06-25T15:19:52+00:00,279,100,81,26.1,0,,,,
2025-06-25T15:20:14+00:00,280,100,82,26.2,0,,,,
2025-06-25T15:20:37+00:00,281,0,84,26.4,1,,,,
2025-06-25T15:20:59+00:00,282,21,84,26.6,1,,,,
2025-06-25T15:21:21+00:00,283,19,83,26.7,1,,,,
2025-06-25T15:21:43+00:00,284,17,83,26.8,1,,,,
2025-06-25T15:22:08+00:00,285,16,83,27,1,,,,
2025-06-25T15:22:30+00:00,286,44,85,27.3,0,,,,
2025-06-25T15:22:52+00:00,287,44,84,27.6,0,,,,
2025-06-25T15:23:14+00:00,288,43,84,27.9,0,,,,
2025-06-25T15:23:37+00:00,289,43,85,28.1,0,,,,
2025-06-25T15:23:59+00:00,290,0,83,28.3,1,,,,
2025-06-25T15:24:22+00:00,291,100,84,28.5,0,,,,
2025-06-25T15:24:44+00:00,292,100,82,28.7,0,,,,
2025-06-25T15:25:06+00:00,293,99,82,28.8,0,,,,
2025-06-25T15:25:28+00:00,294,66,82,29,0,,,,
2025-06-25T15:25:50+00:00,295,100,81,29,0,,,,
2025-06-25T15:26:12+00:00,296,100,80,29.1,0,,,,
2025-06-25T15:26:34+00:00,297,40,80,29.2,0,,,,
2025-06-25T15:26:55+00:00,298,43,79,29.3,0,,,,
2025-06-25T15:27:17+00:00,299,89,79,29.3,0,,,,
2025-06-25T15:27:40+00:00,300,87,78,29.4,0,,,,
2025-06-25T15:28:02+00:00,301,87,78,29.4,0,,,,
2025-06-26T07:42:36+00:00,302,0,55,26.3,1,,,,
2025-06-26T16:44:31+00:00,303,92,73,30,0,,,,
2025-06-26T16:44:52+00:00,304,73,73,30,0,,,,
2025-06-26T16:45:13+00:00,305,62,72,30,0,,,,
2025-06-26T16:45:34+00:00,306,61,73,30,0,,,,
2025-06-26T16:45:56+00:00,307,60,73,30,0,,,,
2025-06-26T16:46:18+00:00,308,68,72,30,0,,,,
2025-06-26T16:46:40+00:00,309,85,72,30,0,,,,
2025-06-26T16:47:02+00:00,310,78,73,30,0,,,,
2025-06-26T16:47:23+00:00,311,77,73,30,0,,,,
2025-06-26T16:47:45+00:00,312,72,73,30,0,,,,
2025-06-26T16:48:07+00:00,313,71,73,30,0,,,,
2025-06-26T16:48:28+00:00,314,70,72,30,0,,,,
2025-06-26T16:48:49+00:00,315,70,72,30,0,,,,
2025-06-26T16:49:10+00:00,316,94,73,30,0,,,,
2025-06-26T16:49:32+00:00,317,89,73,30,0,,,,
2025-06-26T16:49:54+00:00,318,88,72,30,0,,,,
2025-06-26T16:52:37+00:00,319,94,73,30,0,,,,
2025-06-26T16:52:58+00:00,320,85,72,30,0,,,,
2025-06-26T16:53:20+00:00,321,100,73,30,0,,,,
2025-06-26T16:53:43+00:00,322,97,73,30,0,,,,
2025-06-26T16:54:05+00:00,323,100,73,30.1,0,,,,
2025-06-26T16:54:27+00:00,324,11,73,30.1,1,,,,
2025-06-26T16:54:49+00:00,325,4,73,30.1,1,,,,
2025-06-26T16:55:11+00:00,326,0,73,30.1,1,,,,
2025-06-26T16:55:33+00:00,327,0,73,30,1,,,,
2025-06-26T16:55:55+00:00,328,0,71,29.9,1,,,,
2025-06-26T16:56:17+00:00,329,71,68,28.8,0,,,,
2025-06-26T16:56:39+00:00,330,71,68,27.9,0,,,,
2025-06-26T16:57:01+00:00,331,70,62,26.9,0,,,,
2025-06-26T16:57:23+00:00,332,70,67,26.3,0,,,,
2025-06-26T16:57:45+00:00,333,71,66,25.8,0,,,,
2025-06-26T16:58:07+00:00,334,98,64,25.4,0,,,,
2025-06-26T16:58:28+00:00,335,89,69,25.1,0,,,,
2025-06-26T16:58:50+00:00,336,85,74,25.1,0,,,,
2025-06-26T16:59:11+00:00,337,15,74,25,1,,,,
2025-06-26T16:59:33+00:00,338,0,77,25,1,,,,
2025-06-26T16:59:54+00:00,339,100,78,25,0,,,,
2025-06-26T17:00:17+00:00,340,0,79,24.9,1,,,,
2025-06-26T17:00:38+00:00,341,100,80,24.8,0,,,,
2025-06-26T17:01:00+00:00,342,100,78,24.5,0,,,,
2025-06-26T17:01:22+00:00,343,86,80,24.8,0,,,,
2025-06-26T17:01:44+00:00,344,80,80,25,0,,,,
2025-06-26T17:02:05+00:00,345,78,80,25.4,0,,,,
2025-06-26T17:02:27+00:00,346,99,81,25.8,0,,,,
2025-06-26T17:02:49+00:00,347,95,83,26.2,0,,,,
2025-06-26T17:03:10+00:00,348,94,82,26.6,0,,,,
2025-06-26T17:03:32+00:00,349,93,83,27,0,,,,
2025-06-26T17:03:54+00:00,350,92,85,27.3,0,,,,
2025-06-26T17:04:15+00:00,351,87,83,27.6,0,,,,
2025-06-26T17:04:38+00:00,352,100,85,27.9,0,,,,
2025-06-26T17:04:59+00:00,353,100,84,28.2,0,,,,
2025-06-26T17:05:21+00:00,354,97,85,28.5,0,,,,
2025-06-26T17:05:43+00:00,355,0,84,28.7,1,,,,
2025-06-26T17:06:05+00:00,356,88,83,28.9,0,,,,
2025-06-26T17:06:26+00:00,357,81,80,29,0,,,,
2025-06-26T17:06:48+00:00,358,100,80,29.1,0,,,,
2025-06-26T17:07:09+00:00,359,100,80,29.3,0,,,,
2025-06-26T17:07:31+00:00,360,91,80,29.4,0,,,,
2025-06-26T17:07:53+00:00,361,77,79,29.5,0,,,,
2025-06-26T17:08:16+00:00,362,55,78,29.5,0,,,,
2025-06-26T17:08:38+00:00,363,100,78,29.6,0,,,,
2025-06-26T17:08:59+00:00,364,95,76,29.7,0,,,,
2025-06-26T17:09:21+00:00,365,86,77,29.7,0,,,,
2025-06-26T17:12:08+00:00,366,92,74,29.9,0,,,,
2025-06-26T17:12:29+00:00,367,91,75,29.9,0,,,,
2025-06-26T17:12:51+00:00,368,91,74,29.9,0,,,,
2025-06-26T17:13:13+00:00,369,91,74,29.9,0,,,,
2025-06-26T17:13:35+00:00,370,91,74,29.9,0,,,,
2025-06-26T17:13:57+00:00,371,92,74,29.9,0,,,,
2025-06-26T17:14:18+00:00,372,100,74,29.9,0,,,,
2025-06-26T17:14:40+00:00,373,100,74,29.9,0,,,,
2025-06-26T17:15:02+00:00,374,86,74,29.9,0,,,,
2025-06-26T17:15:24+00:00,375,0,74,30,1,,,,
2025-06-26T17:15:46+00:00,376,80,74,30,0,,,,
2025-06-27T11:35:46+00:00,377,0,61,28.1,1,,,,
2025-06-27T11:36:07+00:00,378,0,58,28.1,1,,,,
2025-06-27T11:36:29+00:00,379,0,57,28.2,1,,,,
2025-06-27T11:36:51+00:00,380,0,56,28.2,1,,,,
2025-06-27T11:37:13+00:00,381,0,55,28.1,1,,,,
2025-06-27T11:37:35+00:00,382,0,55,28.1,1,,,,
2025-06-27T11:37:57+00:00,383,0,55,28,1,,,,
2025-06-27T11:38:19+00:00,384,0,55,28,1,,,,
2025-06-27T11:38:40+00:00,385,0,55,28,1,,,,
2025-06-27T11:39:31+00:00,386,0,55,28,1,,,,
2025-06-27T11:39:53+00:00,387,0,56,28,1,,,,
2025-06-27T11:40:15+00:00,388,0,56,28,1,,,,
2025-06-27T11:40:36+00:00,389,0,56,27.9,1,,,,
2025-06-27T11:40:59+00:00,390,0,57,27.9,1,,,,
2025-06-27T11:41:21+00:00,391,0,57,27.9,1,,,,
2025-06-27T11:41:42+00:00,392,0,58,27.9,1,,,,
2025-06-27T11:42:04+00:00,393,0,58,27.8,1,,,,
2025-06-27T11:42:27+00:00,394,0,57,27.7,1,,,,
2025-06-27T11:42:49+00:00,395,0,58,27.6,1,,,,
2025-06-27T11:43:10+00:00,396,0,60,27.5,1,,,,
2025-06-27T11:43:32+00:00,397,0,60,27.4,1,,,,
2025-06-27T11:43:54+00:00,398,0,60,27.4,1,,,,
2025-06-27T11:44:16+00:00,399,0,61,27.4,1,,,,
2025-06-27T11:44:38+00:00,400,0,61,27.4,1,,,,
2025-06-27T11:45:00+00:00,401,0,61,27.4,1,,,,
2025-06-27T11:45:21+00:00,402,0,61,27.4,1,,,,
2025-06-27T11:45:43+00:00,403,0,61,27.4,1,,,,
2025-06-27T11:46:05+00:00,404,0,60,27.4,1,,,,
2025-06-27T11:46:27+00:00,405,0,60,27.4,1,,,,
2025-06-27T11:46:49+00:00,406,0,60,27.4,1,,,,
2025-06-27T11:47:10+00:00,407,0,60,27.3,1,,,,
2025-06-27T11:47:32+00:00,408,0,60,27.2,1,,,,
2025-06-27T11:47:54+00:00,409,0,61,27.2,1,,,,
2025-06-27T11:48:15+00:00,410,0,61,27.2,1,,,,
2025-06-27T11:48:37+00:00,411,0,60,27.2,1,,,,
2025-06-27T11:48:59+00:00,412,0,61,27.2,1,,,,
2025-06-27T11:49:21+00:00,413,0,63,27.3,1,,,,
2025-06-27T11:49:42+00:00,414,0,62,27.3,1,,,,
2025-06-27T11:50:07+00:00,415,0,61,27.2,1,,,,
2025-06-27T11:50:29+00:00,416,0,61,27.2,1,,,,
2025-06-27T11:50:51+00:00,417,0,61,27.1,1,,,,
2025-06-27T11:51:12+00:00,418,0,61,27.1,1,,,,
2025-06-27T11:51:35+00:00,419,0,61,27,1,,,,
2025-06-27T11:51:56+00:00,420,0,61,27,1,,,,
2025-06-27T11:52:18+00:00,421,0,61,27,1,,,,
2025-06-27T11:52:40+00:00,422,0,61,27,1,,,,
2025-06-27T11:53:02+00:00,423,0,61,26.9,1,,,,
2025-06-27T11:53:24+00:00,424,0,61,26.8,1,,,,
2025-06-27T11:53:47+00:00,425,0,61,26.9,1,,,,
2025-06-27T11:54:21+00:00,426,0,61,26.9,1,,,,
2025-06-27T11:54:43+00:00,427,0,61,27,1,,,,
2025-06-27T11:55:04+00:00,428,0,59,27,1,,,,
2025-06-29T09:03:52+00:00,429,0,70,31,1,,,,
2025-06-29T09:04:14+00:00,430,0,70,31,1,,,,
2025-06-29T09:04:35+00:00,431,0,70,31,1,,,,
2025-06-29T09:04:58+00:00,432,85,70,31,0,,,,
2025-06-29T09:05:24+00:00,433,73,69,31,0,,,,
2025-06-29T09:07:03+00:00,434,35,69,31,0,,,,
2025-06-29T09:07:32+00:00,435,30,69,31,0,,,,
2025-06-29T09:07:54+00:00,436,27,69,30.9,1,,,,
2025-06-29T09:08:15+00:00,437,27,70,30.9,1,,,,
2025-06-29T09:08:37+00:00,438,26,70,30.9,1,,,,
2025-06-29T09:08:59+00:00,439,26,69,30.9,1,,,,
2025-06-29T09:09:20+00:00,440,26,70,30.9,1,,,,
2025-06-29T09:09:42+00:00,441,25,70,30.9,1,,,,
2025-06-29T09:10:04+00:00,442,25,70,30.9,1,,,,
2025-06-29T09:12:57+00:00,443,27,70,31,1,,,,
2025-06-29T09:13:19+00:00,444,100,69,31,0,,,,
2025-06-29T09:13:47+00:00,445,100,70,31.1,0,,,,
2025-06-29T09:14:30+00:00,446,100,69,31.1,0,,,,
2025-06-29T09:14:57+00:00,447,100,69,31.1,0,,,,
2025-06-29T09:15:21+00:00,448,100,69,31.2,0,,,,
2025-06-29T09:15:53+00:00,449,100,69,31.3,0,,,,
2025-06-29T09:16:17+00:00,450,100,69,31.3,0,,,,
2025-06-29T09:16:56+00:00,451,100,68,31.3,0,,,,
2025-06-29T09:17:17+00:00,452,97,68,31.3,0,,,,
2025-06-29T09:17:39+00:00,453,94,68,31.3,0,,,,
2025-06-29T09:18:07+00:00,454,91,68,31.2,0,,,,
2025-06-29T09:18:31+00:00,455,89,69,31.2,0,,,,
2025-06-29T09:18:53+00:00,456,88,69,31.3,0,,,,
2025-06-29T09:19:15+00:00,457,88,68,31.3,0,,,,
2025-06-29T09:19:37+00:00,458,87,68,31.3,0,,,,
2025-06-29T09:20:41+00:00,459,86,68,31.3,0,,,,
2025-06-29T09:21:03+00:00,460,85,69,31.3,0,,,,
2025-06-29T09:21:24+00:00,461,85,69,31.3,0,,,,
2025-06-29T09:21:47+00:00,462,86,68,31.3,0,,,,
2025-06-29T09:22:09+00:00,463,87,68,31.3,0,,,,
2025-06-29T09:22:31+00:00,464,86,69,31.3,0,,,,
2025-06-29T09:22:53+00:00,465,86,68,31.3,0,,,,
2025-06-29T09:23:15+00:00,466,86,68,31.3,0,,,,
2025-06-29T09:23:36+00:00,467,86,68,31.3,0,,,,
2025-06-29T09:23:59+00:00,468,0,68,31.2,1,,,,
2025-06-29T09:24:20+00:00,469,100,68,31.3,0,,,,
2025-06-29T09:24:42+00:00,470,100,68,31.3,0,,,,
2025-06-29T09:25:06+00:00,471,100,67,31.2,0,,,,
2025-06-29T09:25:30+00:00,472,100,67,31.2,0,,,,
2025-06-29T09:25:51+00:00,473,100,68,31.3,0,,,,
2025-06-29T09:26:13+00:00,474,86,67,31.2,0,,,,
2025-06-29T09:26:35+00:00,475,85,68,31.2,0,,,,
2025-06-29T09:26:57+00:00,476,85,68,31.2,0,,,,
2025-06-29T09:27:20+00:00,477,85,67,31.3,0,,,,
2025-06-29T09:27:44+00:00,478,85,68,31.2,0,,,,
2025-06-29T09:28:31+00:00,479,86,67,31.2,0,,,,
2025-06-29T09:28:53+00:00,480,86,68,31.2,0,,,,
2025-06-29T09:29:15+00:00,481,87,68,31.2,0,,,,
2025-06-29T09:29:37+00:00,482,87,68,31.2,0,,,,
2025-06-29T09:29:59+00:00,483,88,68,31.2,0,,,,
2025-06-29T09:30:21+00:00,484,88,67,31.2,0,,,,
2025-06-29T09:30:43+00:00,485,89,67,31.2,0,,,,
2025-06-29T09:31:06+00:00,486,89,67,31.3,0,,,,
2025-06-29T09:31:28+00:00,487,90,67,31.2,0,,,,
2025-06-29T09:31:49+00:00,488,90,68,31.2,0,,,,
2025-06-29T09:32:11+00:00,489,91,68,31.2,0,,,,
2025-06-29T09:32:34+00:00,490,91,68,31.2,0,,,,
2025-06-29T09:32:57+00:00,491,91,68,31.2,0,,,,
2025-06-29T09:33:21+00:00,492,92,67,31.2,0,,,,
2025-06-29T09:33:42+00:00,493,92,68,31.1,0,,,,
2025-06-29T09:34:04+00:00,494,92,68,31.2,0,,,,
2025-06-29T09:34:26+00:00,495,92,68,31.2,0,,,,
2025-06-29T09:34:47+00:00,496,93,68,31.2,0,,,,
2025-06-29T09:35:09+00:00,497,94,68,31.2,0,,,,
2025-06-29T09:35:31+00:00,498,94,68,31.1,0,,,,
2025-06-29T09:35:52+00:00,499,94,67,31.1,0,,,,
2025-06-29T09:36:14+00:00,500,94,68,31.1,0,,,,
2025-06-29T09:36:37+00:00,501,94,68,31.1,0,,,,
2025-06-29T09:36:59+00:00,502,95,68,31.1,0,,,,
2025-06-29T09:37:21+00:00,503,95,67,31.1,0,,,,
2025-06-29T09:37:42+00:00,504,96,67,31.1,0,,,,
2025-06-29T09:38:04+00:00,505,96,69,31.1,0,,,,
2025-06-29T09:38:26+00:00,506,96,68,31.1,0,,,,
2025-06-29T09:38:47+00:00,507,96,67,31.1,0,,,,
2025-06-29T09:42:35+00:00,508,96,67,31.1,0,,,,
2025-06-29T09:42:57+00:00,509,100,68,31,0,,,,
2025-06-29T09:43:18+00:00,510,0,67,31,1,,,,
2025-06-29T09:43:40+00:00,511,92,67,31,0,,,,
2025-06-29T09:44:01+00:00,512,91,68,31,0,,,,
2025-06-29T09:44:33+00:00,513,91,68,31,0,,,,
2025-06-29T09:44:55+00:00,514,88,68,31,0,,,,
2025-06-29T09:45:19+00:00,515,7,68,31,1,,,,
2025-06-29T09:45:40+00:00,516,4,68,31,1,,,,
2025-06-29T09:46:07+00:00,517,2,69,31,1,,,,
2025-06-29T09:46:30+00:00,518,1,69,30.9,1,,,,
2025-06-29T09:46:53+00:00,519,0,68,30.9,1,,,,
2025-06-29T10:09:51+00:00,520,6,70,30.2,1,,,,
2025-06-29T10:10:13+00:00,521,1,70,30.2,1,,,,
2025-06-29T10:10:34+00:00,522,1,70,30.2,1,,,,
2025-06-29T10:10:56+00:00,523,0,70,30.3,1,,,,
2025-06-29T10:11:17+00:00,524,0,70,30.4,1,,,,
2025-06-29T10:11:39+00:00,525,100,70,30.5,0,,,,
2025-06-29T10:12:01+00:00,526,100,70,30.5,0,,,,
2025-06-29T10:12:22+00:00,527,100,69,30.6,0,,,,
2025-06-29T10:12:44+00:00,528,100,69,30.6,0,,,,
2025-06-29T10:13:29+00:00,529,100,69,30.6,0,,,,
2025-06-29T10:13:50+00:00,530,100,70,30.6,0,,,,
2025-06-29T10:14:12+00:00,531,99,70,30.7,0,,,,
2025-06-29T10:14:33+00:00,532,76,70,30.6,0,,,,
2025-06-29T10:14:55+00:00,533,72,70,30.6,0,,,,
2025-06-29T10:15:16+00:00,534,71,76,31.5,0,,,,
2025-06-29T10:15:38+00:00,535,70,72,31.7,0,,,,
2025-06-29T11:26:42+00:00,536,95,73,30.2,0,,,,
2025-06-29T11:27:04+00:00,537,65,72,30.3,0,,,,
2025-06-29T11:27:28+00:00,538,62,72,30.3,0,,,,
2025-06-29T11:27:49+00:00,539,61,73,30.4,0,,,,
2025-06-29T11:28:11+00:00,540,0,73,30.4,1,,,,
2025-06-29T11:28:32+00:00,541,100,73,30.4,0,,,,
2025-06-29T11:28:54+00:00,542,100,72,30.4,0,,,,
2025-06-29T11:29:16+00:00,543,100,73,30.4,0,,,,
2025-06-29T11:29:38+00:00,544,100,73,30.4,0,,,,
2025-06-29T11:29:59+00:00,545,100,73,30.4,0,,,,
2025-06-29T11:30:21+00:00,546,100,72,30.5,0,,,,
2025-06-29T11:30:43+00:00,547,100,72,30.5,0,,,,
2025-06-29T11:31:05+00:00,548,100,72,30.5,0,,,,
2025-06-29T11:31:27+00:00,549,100,72,30.5,0,,,,
2025-06-29T11:31:56+00:00,550,100,72,30.5,0,,,,
2025-06-29T11:32:18+00:00,551,100,72,30.5,0,,,,
2025-06-29T11:32:40+00:00,552,100,73,30.4,0,,,,
2025-06-29T11:33:01+00:00,553,100,73,30.4,0,,,,
2025-06-29T11:33:23+00:00,554,100,73,30.4,0,,,,
2025-06-29T11:33:45+00:00,555,100,72,30.4,0,,,,
2025-06-29T11:34:07+00:00,556,100,73,30.5,0,,,,
2025-06-29T11:34:28+00:00,557,71,73,30.5,0,,,,
2025-06-29T11:34:50+00:00,558,65,73,30.5,0,,,,
2025-06-29T11:35:12+00:00,559,64,73,30.5,0,,,,
2025-06-29T11:35:34+00:00,560,63,72,30.5,0,,,,
2025-06-29T11:35:56+00:00,561,62,73,30.5,0,,,,
2025-06-29T11:36:18+00:00,562,62,73,30.5,0,,,,
2025-06-29T11:36:40+00:00,563,61,73,30.5,0,,,,
2025-06-29T11:48:12+00:00,592,63,73,30.5,0,,,,
2025-06-29T11:48:32+00:00,593,62,72,30.5,0,,,,
2025-06-29T11:48:54+00:00,594,61,73,30.6,0,,,,
2025-06-29T11:49:15+00:00,595,61,72,30.6,0,,,,
2025-06-29T11:49:38+00:00,596,61,71,30.6,0,,,,
2025-06-29T11:49:59+00:00,597,62,71,30.6,0,,,,
2025-06-29T11:50:21+00:00,598,62,72,30.6,0,,,,
2025-06-29T11:50:44+00:00,599,61,71,30.6,0,,,,
2025-06-29T11:51:06+00:00,600,61,72,30.6,0,,,,
2025-06-29T11:51:28+00:00,601,62,72,30.6,0,,,,
2025-06-29T11:51:50+00:00,602,61,72,30.6,0,,,,
2025-06-29T11:52:12+00:00,603,62,71,30.6,0,,,,
2025-06-29T11:52:34+00:00,604,63,72,30.6,0,,,,
2025-06-29T11:52:56+00:00,605,63,72,30.6,0,,,,
2025-06-29T11:53:18+00:00,606,63,73,30.9,0,,,,
2025-06-29T11:53:40+00:00,607,63,71,30.9,0,,,,
2025-06-29T11:54:02+00:00,608,62,71,30.9,0,,,,
2025-06-29T11:54:24+00:00,609,62,70,30.9,0,,,,
2025-06-29T11:54:45+00:00,610,62,70,30.9,0,,,,
2025-06-29T11:55:07+00:00,611,62,71,30.8,0,,,,
2025-06-29T11:55:29+00:00,612,62,71,30.8,0,,,,
2025-06-29T11:55:51+00:00,613,62,71,30.8,0,,,,
2025-06-30T05:52:07+00:00,614,0,64,27.8,1,,,,
2025-06-30T05:52:56+00:00,615,94,63,27.8,0,,,,
2025-06-30T05:53:18+00:00,616,93,64,27.8,0,,,,
2025-06-30T05:53:39+00:00,617,0,63,27.8,1,,,,
2025-06-30T05:54:01+00:00,618,82,63,27.8,0,,,,
2025-06-30T05:54:24+00:00,619,83,64,27.8,0,,,,
2025-06-30T05:54:45+00:00,620,0,64,27.8,1,,,,
2025-06-30T05:55:07+00:00,621,0,64,27.8,1,,,,
2025-06-30T05:55:51+00:00,622,80,63,27.9,0,,,,
2025-06-30T05:56:13+00:00,623,0,63,27.9,1,,,,
2025-06-30T05:56:35+00:00,624,81,63,27.9,0,,,,
2025-06-30T10:55:58+00:00,625,0,63,28,1,,,,
2025-06-30T10:56:19+00:00,626,0,63,28,1,,,,
2025-06-30T10:56:40+00:00,627,0,63,28,1,,,,
2025-06-30T10:57:45+00:00,628,0,63,28,1,,,,
2025-06-30T11:02:19+00:00,629,0,63,28.1,1,,,,
2025-06-30T11:02:41+00:00,630,0,63,28,1,,,,
2025-06-30T11:03:03+00:00,631,0,63,28,1,,,,
2025-06-30T11:03:25+00:00,632,0,63,28.1,1,,,,
2025-06-30T11:03:47+00:00,633,0,63,28.1,1,,,,
2025-06-30T11:04:08+00:00,634,0,63,28.1,1,,,,
2025-06-30T11:04:30+00:00,635,0,62,28.1,1,,,,
2025-06-30T11:04:52+00:00,636,0,63,28.1,1,,,,
2025-06-30T11:05:14+00:00,637,0,63,28,1,,,,
2025-06-30T11:05:35+00:00,638,0,63,28,1,,,,
2025-06-30T11:05:56+00:00,639,0,63,28,1,,,,
2025-06-30T11:06:18+00:00,640,0,63,28,1,,,,
2025-06-30T11:06:40+00:00,641,0,63,28,1,,,,
2025-06-30T11:07:02+00:00,642,0,63,28,1,,,,
2025-07-01T15:24:18+00:00,643,83,72,30.5,0,,,,
2025-07-01T15:24:51+00:00,644,84,72,30.5,0,,,,
2025-07-01T15:25:13+00:00,645,83,73,30.5,0,,,,
2025-07-01T15:25:35+00:00,646,84,72,30.5,0,,,,
2025-07-01T15:25:57+00:00,647,84,72,30.4,0,,,,
2025-07-01T15:26:20+00:00,648,86,72,30.4,0,,,,
2025-07-01T15:26:43+00:00,649,86,72,30.4,0,,,,
2025-07-01T15:27:08+00:00,650,87,72,30.4,0,,,,
2025-07-01T15:27:30+00:00,651,88,72,30.3,0,,,,
2025-07-01T15:27:53+00:00,652,88,72,30.3,0,,,,
2025-07-01T15:28:15+00:00,653,89,73,30.3,0,,,,
2025-07-01T15:31:40+00:00,654,97,73,30.2,0,,,,
2025-07-01T15:32:02+00:00,655,97,73,30.2,0,,,,
2025-07-01T15:32:24+00:00,656,98,72,30.2,0,,,,
2025-07-01T15:32:46+00:00,657,98,73,30.2,0,,,,
2025-07-01T15:33:09+00:00,658,99,73,30.2,0,,,,
2025-07-01T15:33:31+00:00,659,99,73,30.2,0,,,,
2025-07-01T15:33:53+00:00,660,99,72,30.2,0,,,,
2025-07-01T15:34:15+00:00,661,100,72,30.2,0,,,,
2025-07-01T15:34:37+00:00,662,100,73,30.2,0,,,,
2025-07-01T15:34:59+00:00,663,100,73,30.2,0,,,,
2025-07-01T15:35:21+00:00,664,0,73,30.2,1,,,,
2025-07-01T15:35:43+00:00,665,79,73,30.2,0,,,,
2025-07-01T15:36:05+00:00,666,80,73,30.2,0,,,,
2025-07-01T15:36:27+00:00,667,81,73,30.2,0,,,,
2025-07-01T15:36:49+00:00,668,82,73,30.2,0,,,,
2025-07-01T15:37:11+00:00,669,83,72,30.2,0,,,,
2025-07-01T15:37:33+00:00,670,84,72,30.2,0,,,,
2025-07-01T15:37:56+00:00,671,86,73,30.2,0,,,,
2025-07-01T15:38:18+00:00,672,86,72,30.2,0,,,,
2025-07-01T15:38:40+00:00,673,87,73,30.2,0,,,,
2025-07-01T15:39:01+00:00,674,88,72,30.2,0,,,,
2025-07-01T15:39:24+00:00,675,89,72,30.1,0,,,,
2025-07-01T15:39:46+00:00,676,89,72,30.1,0,,,,
2025-07-01T15:40:08+00:00,677,89,72,30.1,0,,,,
2025-07-01T15:40:30+00:00,678,90,73,30.1,0,,,,
2025-07-01T15:40:52+00:00,679,90,72,30.2,0,,,,
2025-07-01T15:41:14+00:00,680,91,73,30.1,0,,,,
2025-07-01T15:41:36+00:00,681,91,72,30.2,0,,,,
2025-07-01T15:41:58+00:00,682,92,72,30.2,0,,,,
2025-07-01T15:42:21+00:00,683,92,73,30.1,0,,,,
2025-07-01T15:42:42+00:00,684,92,73,30.2,0,,,,
2025-07-01T15:43:04+00:00,685,93,72,30.1,0,,,,
2025-07-01T15:43:26+00:00,686,93,73,30.1,0,,,,
2025-07-01T15:43:48+00:00,687,93,73,30.1,0,,,,
2025-07-01T15:44:09+00:00,688,94,73,30.1,0,,,,
2025-07-01T15:44:36+00:00,689,94,73,30.1,0,,,,
2025-07-01T15:44:58+00:00,690,95,73,30.1,0,,,,
2025-07-01T15:45:20+00:00,691,95,73,30.1,0,,,,
2025-07-01T15:45:42+00:00,692,95,74,30.1,0,,,,
2025-07-01T15:46:04+00:00,693,95,74,30.1,0,,,,
2025-07-01T15:46:26+00:00,694,97,73,30.1,0,,,,
2025-07-01T15:46:48+00:00,695,95,73,30.1,0,,,,
2025-07-01T15:47:10+00:00,696,95,73,30.1,0,,,,
2025-07-01T15:47:32+00:00,697,96,74,30.1,0,,,,
2025-07-01T15:47:54+00:00,698,96,74,30.1,0,,,,
2025-07-01T15:48:16+00:00,699,96,73,30.1,0,,,,
2025-07-01T15:48:38+00:00,700,96,73,30.1,0,,,,
2025-07-01T15:49:00+00:00,701,96,73,30.1,0,,,,
2025-07-01T15:49:22+00:00,702,97,73,30.1,0,,,,
2025-07-01T15:49:44+00:00,703,97,74,30.1,0,,,,
2025-07-01T15:50:06+00:00,704,97,74,30.1,0,,,,
2025-07-01T15:50:28+00:00,705,97,73,30.1,0,,,,
2025-07-01T15:50:53+00:00,706,97,73,30,0,,,,
2025-07-01T15:51:15+00:00,707,97,74,30,0,,,,
2025-07-01T15:51:37+00:00,708,97,73,30,0,,,,
2025-07-01T15:51:59+00:00,709,98,73,30,0,,,,
2025-07-01T15:52:21+00:00,710,98,74,30,0,,,,
2025-07-01T15:52:43+00:00,711,98,73,30,0,,,,
2025-07-01T15:53:05+00:00,712,98,73,30,0,,,,
2025-07-01T15:53:27+00:00,713,98,74,30,0,,,,
2025-07-01T15:53:49+00:00,714,98,73,30,0,,,,
2025-07-01T15:54:11+00:00,715,98,74,30,0,,,,
2025-07-01T15:54:34+00:00,716,98,74,30,0,,,,
2025-07-01T15:54:56+00:00,717,98,73,30,0,,,,
2025-07-01T15:55:18+00:00,718,98,73,30,0,,,,
2025-07-01T15:55:40+00:00,719,98,74,30,0,,,,
2025-07-01T15:56:02+00:00,720,99,74,30,0,,,,
2025-07-01T15:56:24+00:00,721,98,74,30,0,,,,
2025-07-01T15:56:46+00:00,722,98,74,30,0,,,,
2025-07-01T15:57:08+00:00,723,98,74,30,0,,,,
2025-07-01T15:57:30+00:00,724,98,73,30,0,,,,
2025-07-01T15:57:53+00:00,725,98,73,30,0,,,,
2025-07-01T15:58:14+00:00,726,98,73,30,0,,,,
2025-07-01T15:58:36+00:00,727,98,73,30,0,,,,
2025-07-01T15:58:58+00:00,728,98,74,30,0,,,,
2025-07-01T15:59:19+00:00,729,98,74,30,0,,,,
2025-07-01T15:59:41+00:00,730,99,74,30,0,,,,
2025-07-01T16:00:04+00:00,731,99,73,30,0,,,,
2025-07-01T16:00:26+00:00,732,99,73,30,0,,,,
2025-07-01T16:00:47+00:00,733,99,73,30,0,,,,
2025-07-01T16:01:10+00:00,734,99,74,30,0,,,,
2025-07-01T16:01:32+00:00,735,99,74,30,0,,,,
2025-07-01T16:01:54+00:00,736,99,73,30,0,,,,
2025-07-01T16:02:16+00:00,737,99,74,30,0,,,,
2025-07-01T16:02:38+00:00,738,99,73,30,0,,,,
2025-07-01T16:03:00+00:00,739,99,73,30,0,,,,
2025-07-01T16:03:22+00:00,740,99,74,30,0,,,,
2025-07-01T16:03:44+00:00,741,99,74,30,0,,,,
2025-07-01T16:04:06+00:00,742,99,73,30,0,,,,
2025-07-01T16:04:28+00:00,743,99,73,30,0,,,,
2025-07-01T16:04:50+00:00,744,99,73,30,0,,,,
2025-07-01T16:05:11+00:00,745,99,73,30,0,,,,
2025-07-01T16:05:34+00:00,746,99,73,30,0,,,,
2025-07-01T16:05:56+00:00,747,99,74,30,0,,,,
2025-07-01T16:06:18+00:00,748,99,74,30,0,,,,
2025-07-01T16:06:40+00:00,749,99,74,30,0,,,,
2025-07-01T16:07:05+00:00,750,99,73,30,0,,,,
2025-07-01T16:07:27+00:00,751,99,74,30,0,,,,
2025-07-01T16:07:50+00:00,752,99,74,30.1,0,,,,
2025-07-01T16:08:12+00:00,753,99,73,30.1,0,,,,
2025-07-01T16:08:34+00:00,754,99,74,30.1,0,,,,
2025-07-01T16:08:56+00:00,755,99,73,30.1,0,,,,
2025-07-01T16:09:18+00:00,756,99,74,30.1,0,,,,
2025-07-01T16:09:41+00:00,757,99,73,30.1,0,,,,
2025-07-01T16:10:03+00:00,758,100,73,30,0,,,,
2025-07-01T16:10:28+00:00,759,99,74,30.1,0,,,,
2025-07-01T16:10:50+00:00,760,99,74,30,0,,,,
2025-07-01T16:11:12+00:00,761,99,73,30.1,0,,,,
2025-07-01T16:11:34+00:00,762,99,73,30.1,0,,,,
2025-07-01T16:11:56+00:00,763,99,73,30.1,0,,,,
2025-07-01T16:12:18+00:00,764,99,73,30.1,0,,,,
2025-07-01T16:12:40+00:00,765,99,73,30.1,0,,,,
2025-07-01T16:13:01+00:00,766,99,74,30.1,0,,,,
2025-07-01T16:13:23+00:00,767,99,74,30.1,0,,,,
2025-07-01T16:13:45+00:00,768,99,73,30.1,0,,,,
2025-07-01T16:14:07+00:00,769,99,74,30.1,0,,,,
2025-07-01T16:14:29+00:00,770,99,73,30.1,0,,,,
2025-07-01T16:14:51+00:00,771,99,73,30.1,0,,,,
2025-07-01T16:15:13+00:00,772,99,74,30.1,0,,,,
2025-07-01T16:15:35+00:00,773,100,73,30.1,0,,,,
2025-07-01T16:15:57+00:00,774,100,74,30.1,0,,,,
2025-07-01T16:16:19+00:00,775,100,74,30.1,0,,,,
2025-07-01T16:16:41+00:00,776,100,74,30.1,0,,,,
2025-07-01T16:17:03+00:00,777,100,73,30.1,0,,,,
2025-07-01T16:17:24+00:00,778,100,73,30.1,0,,,,
2025-07-01T16:17:46+00:00,779,100,74,30.1,0,,,,
2025-07-01T16:18:08+00:00,780,100,74,30.1,0,,,,
2025-07-01T16:18:30+00:00,781,100,74,30.1,0,,,,
2025-07-01T16:18:53+00:00,782,100,74,30.1,0,,,,
2025-07-02T11:12:12+00:00,783,0,67,27.6,1,,,,
2025-07-02T11:12:33+00:00,784,0,68,27.6,1,,,,
2025-07-02T11:12:56+00:00,785,0,67,27.6,1,,,,
2025-07-02T11:13:43+00:00,786,0,67,27.7,1,,,,
2025-07-02T11:14:04+00:00,787,0,67,27.7,1,,,,
2025-07-02T12:16:20+00:00,788,60,65,27,0,,,,
2025-07-02T12:16:41+00:00,789,59,65,27,0,,,,
2025-07-02T12:17:18+00:00,790,55,65,27.1,0,,,,
2025-07-02T12:17:40+00:00,791,50,66,27.1,0,,,,
2025-07-02T12:18:01+00:00,792,47,66,27.1,0,,,,
2025-07-02T12:18:23+00:00,793,44,66,27.1,0,,,,
2025-07-02T12:18:45+00:00,794,38,67,27.2,0,,,,
2025-07-02T12:19:07+00:00,795,35,66,27.2,0,,,,
2025-07-02T12:19:29+00:00,796,33,66,27.2,0,,,,
2025-07-02T12:19:51+00:00,797,30,66,27.2,0,,,,
